{"cameraMode":{"drawMode":0,"name":"Shaded","section":"Shading Mode"},"sceneLighting":false,"audioPlay":false,"sceneViewState":{"m_AlwaysRefresh":false,"showFog":true,"showSkybox":false,"showFlares":true,"showImageEffects":true,"showParticleSystems":true,"showVisualEffectGraphs":true,"m_FxEnabled":true},"in2DMode":false,"pivot":{"x":-0.9166066646575928,"y":0.9781166315078735,"z":-1.5936980247497559},"rotation":{"x":-0.02870258130133152,"y":-0.2550368309020996,"z":-0.007575585972517729,"w":0.9664605259895325},"size":1.2022831439971924,"orthographic":false}