{"cameraMode":{"drawMode":0,"name":"Shaded","section":"Shading Mode"},"sceneLighting":false,"audioPlay":false,"sceneViewState":{"m_AlwaysRefresh":false,"showFog":true,"showSkybox":false,"showFlares":true,"showImageEffects":true,"showParticleSystems":true,"showVisualEffectGraphs":true,"m_FxEnabled":true},"in2DMode":false,"pivot":{"x":0.8544073700904846,"y":0.26735788583755495,"z":-0.016558170318603517},"rotation":{"x":0.006010057870298624,"y":0.7633095979690552,"z":-0.007105410099029541,"w":0.6459375023841858},"size":0.8751282095909119,"orthographic":false}